Date,Open,High,Low,Close,Volume,Dividends,Stock Splits,MA10_Dist,MA50_Dist,RSI,MACD,BB_Upper_Dist,BB_Lower_Dist,Daily_Return,Sentiment,Target,FEDFUNDS,UNRATE,CPIAUCSL
2025-07-01,493.602615314542,495.17347659984546,488.14433277768,489.2081298828125,19945400,0.0,0.0,0.00687346350152692,0.0924629149204964,70.89174464283113,12.900488913936613,0.0205115265898425,-0.06927280923506121,-0.010775874969415344,0.0,0,4.33,4.3,322.169
2025-07-02,487.1600396387865,490.6497772469701,485.87751191483574,488.2536926269531,16319600,0.0,0.0,0.0022327058478372945,0.08394785319809317,68.53295207659465,12.236151185902315,0.023287585909021108,-0.06250854944215051,-0.0019509840445374182,0.0,1,4.33,4.3,322.169
2025-07-03,490.95797554637323,497.2414813819725,490.59011735274714,495.95892333984375,13984800,0.0,0.0,0.014199292590903833,0.0946418374497344,69.45251729383736,12.190877624671373,0.010203569111304338,-0.07287698145971457,0.01578120315165288,0.0,0,4.33,4.3,322.169
2025-07-07,494.50736527479916,495.8694479262707,492.36978876052433,494.84539794921875,13981600,0.0,0.0,0.007758865478047589,0.08627184050927703,73.44453599616031,11.927651269187834,0.014715249981014412,-0.0669936703219634,-0.002245196806070937,0.0,0,4.33,4.3,322.169
2025-07-08,494.36815380384166,495.3226311177228,491.25622643335066,493.7517395019531,11846600,0.0,0.0,0.0033740777937755146,0.07869034908121371,69.22562209915505,11.498248735403934,0.018570865960949607,-0.06125137347745661,-0.002210101279708887,0.0,1,4.33,4.3,322.169
2025-07-09,497.41047691930333,503.8530622357068,496.85371365827956,500.6019592285156,18659500,0.0,0.0,0.014547961146837471,0.0883427763447426,74.84872713987536,11.577244349681848,0.00854681467402635,-0.07190210135433825,0.013873813859313744,0.0,0,4.33,4.3,322.169
2025-07-10,500.14458849842043,501.52657502305914,494.87521114411277,498.58367919921875,16492100,0.0,0.0,0.008585893939525125,0.07877661295548877,70.79087112942702,11.34619869642654,0.014307805010180415,-0.06372954346732138,-0.004031706213070474,0.0,1,4.33,4.3,322.169
2025-07-11,495.59106078877636,502.1131707269345,494.9249170598048,500.4130554199219,16459500,0.0,0.0,0.011092862800278833,0.07763468196932204,75.87855214802138,11.181811758388847,0.012391809461793142,-0.06284484401851148,0.0036691458164881396,0.0,0,4.33,4.3,322.169
2025-07-14,498.6234399223271,501.05930198422453,498.1362796464767,500.1147766113281,12058800,0.0,0.0,0.009055040284961055,0.07201240132079396,70.36852823801155,10.901796198176498,0.015245414578675487,-0.05973469532910865,-0.0005960652012634293,0.0,1,4.33,4.3,322.169
2025-07-15,500.11477392946824,505.36427783294863,499.88612172349406,502.89862060546875,14927200,0.0,0.0,0.012962946286380901,0.07426167112231614,69.40942063061068,10.780246819215847,0.011137610390197516,-0.060350820283867006,0.005566410200881,0.0,0,4.33,4.3,322.169
2025-07-16,502.2623068754336,503.793421043838,498.99133023831314,502.69976806640625,15154400,0.0,0.0,0.009818174789468314,0.07060191361064636,67.33311387654999,10.546301128091102,0.013131940255238034,-0.05633634571584129,-0.0003954127748910796,0.0,1,4.33,4.3,322.169
2025-07-17,502.75940886082554,510.40499725185873,502.6997578215743,508.7446594238281,17503100,0.0,0.0,0.017771734352776417,0.07998480426190699,68.07909758531014,10.725038132182704,0.003851322710534614,-0.06372824934970568,0.012024854080743053,0.0,0,4.33,4.3,322.169
2025-07-18,511.50859420333654,511.6677041033988,504.499323712682,507.10418701171875,21209700,0.0,0.0,0.012232932013874657,0.07299061400495198,67.83816442929842,10.611987693599701,0.008580872457440351,-0.05633700947307329,-0.003224549647297126,0.0,1,4.33,4.3,322.169
2025-07-21,503.7834776665751,509.1324405638626,502.6301736290422,507.1141357421875,14066800,0.0,0.0,0.009779871894545272,0.0695240500849705,66.6053684060384,10.403274710888638,0.007437943053350108,-0.04882920493056144,1.9618710954460994e-05,0.0,0,4.33,4.3,322.169
2025-07-22,508.01886761548803,508.2475501614973,502.3517761230469,502.3517761230469,13868600,0.0,0.0,-0.0014131154509736783,0.05647157235531425,67.61723457222399,9.741293974635028,0.01634677316405713,-0.03535637175437899,-0.009391100116289741,0.0,1,4.33,4.3,322.169
2025-07-23,503.8232255681408,503.8630030405687,497.80817995491657,502.94830322265625,16396600,0.0,0.0,-0.0006934130634054353,0.054729310471493264,69.88689350742465,9.159222408882272,0.015214487442738747,-0.03345822963432025,0.001187468877313691,0.0,1,4.33,4.3,322.169
2025-07-24,505.83158338819493,510.703277326071,504.37007217269974,507.9294128417969,16107000,0.0,0.0,0.007333021886493031,0.062408794863011076,67.48980037721884,8.99615830380651,0.006988995592952661,-0.04102447696740309,0.009903820307622047,0.0,1,4.33,4.3,322.169
2025-07-25,509.5101527540243,515.2965460849812,507.4123538189797,510.7430419921875,19125700,0.0,0.0,0.010842182335040614,0.06539626760304182,72.12834537165888,8.990330252808917,0.004595660064070736,-0.046296223662554134,0.005539409766897929,0.0,0,4.33,4.3,322.169
2025-07-28,511.110930710653,512.0256002286585,507.17377997770546,509.5400390625,14308000,0.0,0.0,0.006583555851075624,0.06023107588257988,71.90945380411077,8.787344164299498,0.00899963806846924,-0.04284551263173376,-0.0023553975889619716,0.0,1,4.33,4.3,322.169
2025-07-29,512.5525452747698,514.6304403339567,508.6054427654301,509.609619140625,16469200,0.0,0.0,0.0053881253768763215,0.05777444671643484,65.39762892696581,8.533719352875607,0.010705574081025064,-0.04186225948426868,0.00013655468224449407,0.0,1,4.33,4.3,322.169
2025-07-30,512.1946027794743,512.9701269930791,506.49771598970693,510.2757568359375,26380400,0.0,0.0,0.005199913347301928,0.056585505939874346,70.95503860366105,8.290899281410304,0.009805536220248332,-0.03940376634388667,0.0013071529074271115,0.0,1,4.33,4.3,322.169
2025-07-31,552.0232408256204,552.2420017670738,528.8280273057109,530.4187622070312,51617300,0.0,0.0,0.040437656177032676,0.0949295003473263,82.46552943577173,9.61302188429363,-0.01805517198575925,-0.07842098366265257,0.03947474498101644,0.0,0,4.33,4.3,322.169
2025-08-01,531.9100652869249,532.7054326872741,517.8517174087783,521.0829467773438,28977600,0.0,0.0,0.01933008747847324,0.07275426353080015,68.97600260715144,9.794585406300712,0.003831007074670548,-0.06138178674202435,-0.017600839364810383,0.0,1,4.33,4.3,323.291
2025-08-04,525.2190177406763,535.1413592423181,525.0798117410876,532.5464477539062,25349000,0.0,0.0,0.036597633864035764,0.09263859183575951,73.18814981716807,10.739684136415974,-0.00884673277493004,-0.08343747461830968,0.021999378500983324,0.0,0,4.33,4.3,323.291
2025-08-05,534.077432699505,534.196734767709,524.194840165689,524.701904296875,19171600,0.0,0.0,0.016904312666638204,0.07335189440688183,65.37008912087472,10.731980995217043,0.009219371826300555,-0.06708370048389473,-0.01473025215005519,0.0,0,4.33,4.3,323.291
2025-08-06,527.8338028961505,528.6291703469228,521.0034855448089,521.908203125,21355700,0.0,0.0,0.007786792073831579,0.06440016566910162,59.63327093436317,10.38078464016553,0.017175096848448722,-0.0605610727126341,-0.005324358743501567,0.0,0,4.33,4.3,323.291
2025-08-07,523.757448292983,525.0400367197672,514.5608717763297,517.8319091796875,16079100,0.0,0.0,-0.0019927189878513395,0.053516990955608315,57.58044816003892,9.662156814898935,0.02592146437134865,-0.05018819184153496,-0.007810365732719093,0.0,1,4.33,4.3,323.291
2025-08-08,519.5816044995674,521.6297041680745,516.4100264967077,519.0248413085938,15531000,0.0,0.0,-0.0012876839155850103,0.05318821542535816,58.27797573598032,9.084181944247916,0.02446672135141937,-0.0496885805814513,0.0023037053293915033,0.0,0,4.33,4.3,323.291
2025-08-11,519.2833770884752,524.542862850504,516.7182612189127,518.7564697265625,20194400,0.0,0.0,-0.003571187650439374,0.04997082405499752,62.16096620079895,8.506420629424781,0.025387009725990714,-0.04599370984950651,-0.0005170688581198624,0.0,1,4.33,4.3,323.291
2025-08-12,520.7250669698358,527.9132904806338,519.6811434112465,526.183349609375,18667000,0.0,0.0,0.007487061527195357,0.06205872144026368,65.64049174225686,8.549277018668931,0.013401000213243232,-0.057520879512460356,0.014316698328075361,0.0,0,4.33,4.3,323.291
2025-08-13,529.0368026236954,529.6234217995657,516.3703917601634,517.5734252929688,19619200,0.0,0.0,-0.010381207071175317,0.04222861719679928,56.18941370623695,7.79859473407663,0.030100754710336224,-0.03881049771154028,-0.016362973710205786,0.0,1,4.33,4.3,323.291
2025-08-14,519.5419572956574,522.9123929469488,517.13595097363,519.46240234375,20269100,0.0,0.0,-0.004684334005689297,0.04354581075672128,55.6631971863593,7.272268096534447,0.027023157854288955,-0.04091080649945727,0.0036496793661924265,0.0,0,4.33,4.3,323.291
2025-08-15,519.7507304052322,523.0614541020369,516.0820397908819,517.1657104492188,25213300,0.0,0.0,-0.00834060759532904,0.03660073122480948,54.883470410873024,6.593817182696512,0.03162203449133676,-0.034744003258195,-0.004421286091483956,0.0,0,4.33,4.3,323.291
2025-08-18,518.5775833311014,519.8004600468895,511.05129658888984,514.1134643554688,23760600,0.0,0.0,-0.010696558245573702,0.028457098715288395,52.77812707302547,5.743640086795494,0.03742364034139495,-0.027328884585441218,-0.005901872517995788,0.0,0,4.33,4.3,323.291
2025-08-19,512.0255798217245,512.1846290296555,505.61282013208876,506.8257751464844,21481000,0.0,0.0,-0.02135375500062881,0.012292347631507454,48.03264190076492,4.4307382076744375,0.05138693462839778,-0.011506113318577533,-0.01417525451919599,0.0,0,4.33,4.3,323.291
2025-08-20,506.92525053820776,508.0487290990465,501.526618683124,502.7992248535156,27723000,0.0,0.0,-0.025533149199634515,0.0029367740198662194,30.702942798184907,3.0304123450187603,0.05984689351102343,-0.0036598122141459554,-0.007944643880443913,0.0,0,4.33,4.3,323.291
2025-08-21,501.6041452591809,505.5278315490841,500.6381609615915,502.15185546875,18443300,0.83,0.0,-0.023821270902679787,0.00029059683584774904,34.94561498026995,1.8471143268312744,0.062371763671488716,-0.004684425390049672,-0.0012875305942530169,0.0,1,4.33,4.3,323.291
2025-08-22,502.1618461633245,508.6150227226763,500.32946944945456,505.1295166015625,24324200,0.0,0.0,-0.015373011656361029,0.004811434274549199,24.7959035957999,1.136513470449131,0.0567224895801702,-0.012276207166426805,0.005929802111420912,0.0,0,4.33,4.3,323.291
2025-08-25,504.5319946732823,506.0855321115255,502.0323791323648,502.17181396484375,21638600,0.0,0.0,-0.01796363029932928,-0.0021069684789032715,27.24370790215731,0.33088109661719045,0.06399537280808541,-0.008974937280422144,-0.005855335195253941,0.0,0,4.33,4.3,323.291
2025-08-26,502.2713680297872,502.88882606141556,496.4456179190968,499.96099853515625,30835700,0.0,0.0,-0.017247511856786295,-0.007594465728490936,27.568318180627244,-0.4804444282303848,0.0700901733427297,-0.007912361865491966,-0.00440250800265396,0.0,1,4.33,4.3,323.291
2025-08-27,499.92117896114246,505.18928116929357,497.82986914621193,504.64154052734375,17277900,0.0,0.0,-0.005519228653921757,0.0005733538326267415,36.682947029049544,-0.7372466101076043,0.060548257922366386,-0.018613590642414937,0.009361814233312282,0.0,1,4.33,4.3,323.291
2025-08-28,504.99008260275673,508.9735181763212,503.406670609209,507.529541015625,18015600,0.0,0.0,0.0025295794465813367,0.0050142103634646185,38.778377437948286,-0.6996614246488093,0.050146462326900385,-0.024340965417805185,0.005722875063482347,0.0,0,4.33,4.3,323.291
2025-08-29,506.5535790393771,507.4896888132377,502.40083415821226,504.59173583984375,20961600,0.0,0.0,-0.0007917177895016928,-0.0018755197184751181,36.85745513441272,-0.8965958212929195,0.0549268030241578,-0.020595005594038877,-0.005788441732677008,0.0,0,4.33,4.3,323.291
2025-09-02,498.3974910813857,503.90458943006223,494.75264396148896,503.0282287597656,18128000,0.0,0.0,-0.0016964141921537077,-0.006084411873741663,25.892880404702552,-1.1653957473160972,0.05168366948886019,-0.016896887117517894,-0.0030985586346867766,0.0,1,4.22,4.4,324.245
2025-09-03,501.70375627159575,505.68719181229375,500.2398424947412,503.2572937011719,16345100,0.0,0.0,-0.0005339965208859815,-0.006419603746492274,31.944421992571634,-1.3444401299592528,0.04761947510002995,-0.018020018192863547,0.00045537194199019027,0.0,1,4.22,4.4,324.245
2025-09-04,502.2116394820944,506.04570238922344,501.0664078062513,505.866455078125,15509500,0.0,0.0,0.004036173773454548,-0.002000802643588685,33.15866192274136,-1.261257583384804,0.03914860268614748,-0.02318857027347376,0.005184547565648234,0.0,0,4.22,4.4,324.245
2025-09-05,506.9619070760115,509.8498918622262,490.3310509759443,492.9501647949219,31994800,0.0,0.0,-0.019809727443297388,-0.027617900371900737,26.252007443778112,-2.2120721055732133,0.06637499963573258,-0.0026402584970791087,-0.025533004123011738,0.0,1,4.22,4.4,324.245
2025-09-08,496.04724781279185,499.1244784694731,492.9800158612091,496.13690185546875,16771000,0.0,0.0,-0.011705991837447747,-0.021392041901253416,32.4169106374443,-2.6775908163544386,0.057506709517471444,-0.011640774135620544,0.006464623177218298,0.0,1,4.22,4.4,324.245
2025-09-09,499.3534910580183,500.17010260105087,495.6389570336189,496.34600830078125,14410500,0.0,0.0,-0.01014073658700104,-0.02110587842258742,38.10207516667094,-2.9951187415130676,0.05447138598820835,-0.01398244538676968,0.0004214692447397361,0.0,1,4.22,4.4,324.245
2025-09-10,500.8971201283455,501.1460848531792,494.6630336933239,498.29791259765625,21611800,0.0,0.0,-0.005918362833034231,-0.017402086914480953,44.63691095611981,-3.0540543088636696,0.04265447788552065,-0.015754562364998073,0.003932547586223745,0.0,1,4.22,4.4,324.245
2025-09-11,500.17012751524385,501.08633106619584,495.8182290284252,498.9352722167969,18881600,0.0,0.0,-0.003512483412761488,-0.016522554341960302,46.166687154450486,-3.01458135857888,0.03736973161133552,-0.016794643461282684,0.0012790734278176341,0.0,1,4.22,4.4,324.245
2025-09-12,504.55191069082485,510.42747218178897,501.7635178992086,507.7884521484375,23624900,0.0,0.0,0.01411689535496493,0.00015817072428713747,52.779500450447,-2.243064478668373,0.014334855258335073,-0.031287028233834085,0.01774414523211698,0.0,1,4.22,4.4,324.245
2025-09-15,506.68306017742736,513.3353599697668,504.9004642300766,513.225830078125,17143800,0.0,0.0,0.02321165644918313,0.010180708342241065,60.98571745726337,-1.1792867523968198,0.0014918616564420627,-0.040221131321688454,0.010707959006712509,0.0,0,4.22,4.4,324.245
2025-09-16,514.7395367165727,515.0880630075219,506.4938265025834,506.9320068359375,19711900,0.0,0.0,0.009877764052184641,-0.002681927768697856,56.407900007742455,-0.8344748693397719,0.011039249138050083,-0.02683497860840321,-0.012263262823754228,0.0,1,4.22,4.4,324.245
2025-09-17,508.5054498653079,509.1726886784055,503.8348693472275,507.9079284667969,15816600,0.0,0.0,0.010885378262276962,-0.001318210299321942,53.22197370837184,-0.4769621258010375,0.00940812726502864,-0.028803352693519173,0.0019251529153794245,0.0,0,4.22,4.4,324.245
2025-09-18,509.37184097126715,510.9453149965379,505.55771489166153,506.3444519042969,18913700,0.0,0.0,0.007677736692894166,-0.004617202791660869,48.79965973925295,-0.3161458601989011,0.013101657052845222,-0.02568106404644043,-0.003078267683711111,0.0,1,4.22,4.4,324.245
2025-09-19,508.44574170609144,517.1495391803752,508.19677696926453,515.7852172851562,52474100,0.0,0.0,0.021822254009090585,0.013256388137510974,60.017851368240734,0.5665620803864613,-0.0012392609060538008,-0.04507402361432182,0.018644946824940778,0.0,0,4.22,4.4,324.245
2025-09-22,513.4549348866175,515.5959951267806,510.41751650985566,512.3196411132812,20009300,0.0,0.0,0.01171308528536604,0.005977683949244531,58.041763360677955,0.9752296089531569,0.007415411463251611,-0.03910957546079986,-0.006719029657569653,0.0,0,4.22,4.4,324.245
2025-09-23,511.67229848312854,512.4590659268906,505.2091838485409,507.1212463378906,19799600,0.0,0.0,-0.0006789611503507307,-0.004503665741059664,53.07938286846117,0.8696102306315083,0.018285647409422665,-0.02882713028975454,-0.010146780170470104,0.0,1,4.22,4.4,324.245
2025-09-24,508.26644250853604,510.35772177145367,504.82077941210207,508.0373840332031,13533700,0.0,0.0,-0.0007913602630308771,-0.0029064211313317156,51.77810760779201,0.8500321266650417,0.017061132145987364,-0.029600458930898473,0.0018065456770510746,0.0,0,4.22,4.4,324.245
2025-09-25,506.1950582100621,507.89799878212006,502.94857891661616,504.9303283691406,15786500,0.0,0.0,-0.008071912527225899,-0.009091206949714336,61.69097185823335,0.5771498882285755,0.02334740181799755,-0.02359982607908468,-0.006115801241625585,0.0,1,4.22,4.4,324.245
2025-09-26,507.9477531769938,511.8116903059077,504.52199636524745,509.3419494628906,16213100,0.0,0.0,0.00028938067034695297,-0.00045698139659745347,62.58541707265287,0.7087002457843141,0.01488334698679136,-0.032100577998413475,0.008737088754400935,0.0,1,4.22,4.4,324.245
2025-09-29,509.3817950243417,514.7096154882738,506.77264973451184,512.4689331054688,17617800,0.0,0.0,0.006580043201838824,0.005467765989487935,64.55674229808264,1.0531363977412411,0.010355174420742184,-0.038133844788408186,0.00613926193567127,0.0,1,4.22,4.4,324.245
2025-09-30,511.11459757878936,516.0142062084105,507.54943619028296,515.8051147460938,19728200,0.0,0.0,0.011370244209093845,0.011668363979333232,65.42108279508268,1.5771263753329663,0.006582966144423782,-0.04464071254479936,0.006510017339799168,0.0,1,4.22,4.4,324.245
2025-10-01,512.6680995330014,518.3544751787417,509.5709932440202,517.5578002929688,22632300,0.0,0.0,0.012890342042790385,0.014500840715047035,66.08741501171843,2.10950225467451,0.006284949269948919,-0.048223648041964176,0.0033979607738821027,0.0,0,4.09,4.4,324.245
2025-10-02,515.4963429681408,519.4399047558908,508.56514411884206,513.6041870117188,21222900,0.0,0.0,0.0037268269394848267,0.006330698550040668,55.48865346110334,2.1871779980512542,0.015415039085512703,-0.04077445253483715,-0.007638979219349085,0.0,1,4.09,4.4,324.245
2025-10-03,514.9585548343116,518.3345307125708,512.8672756929882,515.20751953125,15112300,0.0,0.0,0.006973874682693274,0.009184362458542582,52.01614255322584,2.3510111262086753,0.012066855771787474,-0.03925130080066976,0.0031217278987927255,0.0,1,4.09,4.4,324.245
2025-10-06,516.4623876768178,528.8309994124726,516.0541122577388,526.3811645507812,21388600,0.0,0.0,0.025993016556486975,0.03043992362721647,68.00001581649254,3.3439231669077003,-0.004522195186146252,-0.058794079230964046,0.02168765904212222,0.0,0,4.09,4.4,324.245
2025-10-07,526.1022689962125,527.6060256392368,519.2806599401652,521.8101196289062,14615200,0.0,0.0,0.014179717507691978,0.021001194169618192,62.06357789725064,3.719096559249806,0.005704870964771717,-0.04717588210867684,-0.008683906700529431,0.0,1,4.09,4.4,324.245
2025-10-08,521.1130687043808,524.7678538085896,520.923853084141,522.676513671875,13363400,0.0,0.0,0.01298145642259013,0.022173740454137364,64.34564059729786,4.039767014691961,0.00556596809491993,-0.04561927203539694,0.001660362669058335,0.0,0,4.09,4.4,324.245
2025-10-09,520.1769452354545,522.158694647609,515.2574000210162,520.2366943359375,18343600,0.0,0.0,0.005270815974367043,0.017006072857683307,54.45838885968237,4.050337857374643,0.010208177184741044,-0.03697510949164856,-0.004667933745094888,0.0,0,4.09,4.4,324.245
2025-10-10,517.4881335274953,521.4118200258811,507.5195762105422,508.84405517578125,24133800,0.0,0.0,-0.01664895485362507,-0.004425504779100927,46.99601290136072,3.1036476403485267,0.03275169066911972,-0.015131954030769328,-0.02189895346520787,0.0,1,4.09,4.4,324.245
2025-10-13,514.2714771071726,514.2714771071726,509.56108387533754,511.9212646484375,14284200,0.0,0.0,-0.010597471245775631,0.0019543880396292075,54.306620586855,2.572044976504685,0.026448018212579763,-0.021211230958298778,0.0060474509652928,0.0,0,4.09,4.4,324.245
2025-10-14,508.1170420708167,513.146147202046,503.9045484424133,511.4432067871094,14684300,0.0,0.0,-0.01068739859550421,0.0018463212572828029,53.0799469243031,2.0881004392389286,0.027202403799065567,-0.019209222117445617,-0.0009338503679007237,0.0,0,4.09,4.4,324.245
2025-10-15,512.8275263160849,515.0482722356254,507.88804423946306,511.3038330078125,14694700,0.0,0.0,-0.009759063711649458,0.0020993085512833382,56.09058464036601,1.6740274611040604,0.027342415125673997,-0.018137718855964782,-0.0002725107645331626,0.0,0,4.09,4.4,324.245
2025-10-16,510.4573477017149,514.7096236704256,506.02576365101777,509.4913330078125,15559600,0.0,0.0,-0.012482735687861016,-0.0009667487325466638,50.150214289352924,1.1859471795328318,0.030645794250122583,-0.013675761524180336,-0.003544859011397894,0.0,1,4.09,4.4,324.245
2025-10-17,506.9320087638593,513.3453119402852,505.20916197429216,511.4532165527344,19867800,0.0,0.0,-0.007958247927948988,0.003131135464402898,48.95412846343016,0.9465365616057397,0.02628255388939483,-0.017896415543154996,0.003850671086669477,0.0,1,4.09,4.4,324.245
2025-10-20,512.4788764440519,516.5519656323323,511.30377036778043,514.6498413085938,14665600,0.0,0.0,0.000518744771971667,0.009574047623158898,48.80699967477379,1.0031788037358638,0.02011997481448521,-0.02375567410040981,0.0062500824169315905,0.0,1,4.09,4.4,324.245
2025-10-21,515.3569857054445,516.5420602391357,510.91543308707116,515.5162963867188,15586200,0.0,0.0,0.0034309653713143163,0.011402320688310883,47.852522041054264,1.1052433152980257,0.01841367057795296,-0.02377628904664309,0.0016835817454483593,0.0,1,4.09,4.4,324.245
2025-10-22,518.9918584655633,523.0549187669818,515.566101626736,518.3843383789062,18962700,0.0,0.0,0.009857178699217818,0.017340520369579907,55.14581044641966,1.4014026976333298,0.013315381011442997,-0.027717640510767517,0.0055634361363350315,0.0,1,4.09,4.4,324.245
2025-10-23,520.2964530626382,521.7802730707533,516.4623598997719,518.404296875,14023500,0.0,0.0,0.010256687609842677,0.017346511575460535,53.56277022118344,1.6190581313720713,0.0127895737950232,-0.02466915492589714,3.8501348547992365e-05,0.0,1,4.09,4.4,324.245
2025-10-24,520.6250388201142,523.1744351060786,518.5536961256696,521.441650390625,15532400,0.0,0.0,0.013687227756878431,0.02322770118519257,43.275429129808344,2.0134310948767506,0.00793136887916781,-0.029071150930599816,0.00585904386582925,0.0,1,4.09,4.4,324.245
2025-10-27,529.577902779321,532.3662956890146,526.819354031342,529.3189697265625,18734700,0.0,0.0,0.025532323897836547,0.038190222857598724,59.37817783205344,2.927857824194575,-0.002555473879811029,-0.04485034243643574,0.015106808844357555,0.0,1,4.09,4.4,324.245
2025-10-28,547.722348424072,551.4269140414981,538.5305910090683,539.8251953125,29986700,0.0,0.0,0.04016791113178629,0.057729985116980735,67.26141180807275,4.449026586792456,-0.012329846105761575,-0.06862828876139179,0.019848571819303773,0.0,0,4.09,4.4,324.245
2025-10-29,542.6832878753321,544.0077970763692,534.5072653816836,539.3073120117188,36023000,0.0,0.0,0.03359287895164471,0.05537188379787637,69.9685950603366,5.548811689200875,-0.0042833090016711735,-0.0707991575095181,-0.0009593537042699163,0.0,0,4.09,4.4,324.245
2025-10-30,528.2831883129468,532.7545848667123,519.9578228356851,523.582763671875,41023100,0.0,0.0,0.0007537927433992305,0.023767713657928246,64.14913252122554,5.092852438174987,0.026412782566050255,-0.041779157102967764,-0.029156935182629407,0.0,0,4.09,4.4,324.245
2025-10-31,526.6898137654194,527.1279940743384,512.9668501497666,515.6656494140625,34006400,0.0,0.0,-0.01517157335923642,0.007754712486806414,53.28897142710094,4.046016532181852,0.042172569277327064,-0.02697963822762063,-0.01512103683912347,0.0,0,4.09,4.4,324.245
2025-11-03,517.657371934483,522.7860691817526,512.4590180581705,514.888916015625,22374700,0.0,0.0,-0.01669989058085864,0.00585307395833907,53.010824772232866,3.117775861432392,0.04227391598106787,-0.02627296054515906,-0.0015062732980567484,0.0,0,3.88,4.5,325.063
2025-11-04,509.6407695643784,513.4150529816625,505.73698923396887,512.2001342773438,20958700,0.0,0.0,-0.021214881601737547,0.00020855201221599677,50.749774072164165,2.1405018540998526,0.04719955331117437,-0.022491868376903635,-0.005222061797499733,0.0,0,3.88,4.5,325.063
2025-11-05,511.17434154282535,512.6980347767452,504.4821687767013,505.0597839355469,23024300,0.0,0.0,-0.03239592407472321,-0.013931263696608985,46.59631450426197,0.7808375549454922,0.061955714286064195,-0.012111501676593653,-0.013940547578869977,0.0,0,3.88,4.5,325.063
2025-11-06,503.5659922381216,503.6058351018555,493.75677643867937,495.04144287109375,27406500,0.0,0.0,-0.047325189681270384,-0.03312843244613515,38.78298841924655,-1.0925088333505073,0.08593869050178345,0.00029947167268126404,-0.019835950877711617,0.0,0,3.88,4.5,325.063
2025-11-07,494.89207027354036,497.31199999791255,491.2073803526309,494.7626037597656,24019800,0.0,0.0,-0.04294809404687676,-0.03319088377057321,35.8429532703296,-2.5700236953595663,0.08897752317530033,-0.004409698128504376,-0.0005632641778654524,0.0,1,3.88,4.5,325.063
2025-11-10,497.96929153220975,504.7510881917551,496.73440583349895,503.90460205078125,26101500,0.0,0.0,-0.020448582387745457,-0.01530018128268444,42.60528699086184,-2.969056573201783,0.0695100967264325,-0.024352075981936543,0.01847754503178778,0.0,1,3.88,4.5,325.063
2025-11-11,502.70954902224156,507.48968986721945,500.26971300797675,506.573486328125,17980000,0.0,0.0,-0.008853834643090726,-0.010221951666219808,42.45932903229829,-3.0349513177834524,0.06391827763587064,-0.030496485281929966,0.00529640782497709,0.0,1,3.88,4.5,325.063
2025-11-12,507.2506574723947,509.5511194130969,497.05307240824305,509.0233154296875,26574900,0.0,0.0,0.0018758146480765583,-0.005659353223069704,44.19092563154191,-2.8565639520999184,0.05876349155534581,-0.03557617664587175,0.0048360784124728,0.0,0,3.88,4.5,325.063
2025-11-13,508.1967287528611,511.3735209246628,499.2140928412288,501.205810546875,25273100,0.0,0.0,-0.009146828712896743,-0.020751983889980372,38.16954520703582,-3.3078669587875993,0.07579017559408727,-0.022699527260162194,-0.015357852274828332,0.0,1,3.88,4.5,325.063
2025-11-14,496.16679552350377,509.48142428367663,495.3800584752997,508.0672912597656,28505700,0.0,0.0,0.0059289531648923045,-0.007932157425471499,37.426309279839664,-3.0764008591951324,0.06119283617897924,-0.03649573858689978,0.013689946462120961,0.0,0,3.88,4.5,325.063
2025-11-17,506.34447416817187,509.9992593431845,502.8191251226507,505.388427734375,19092800,0.0,0.0,0.002510773548980004,-0.013519400639139421,27.545481173945987,-3.0736925910647415,0.0665333845205498,-0.032936704744831874,-0.005272654964164958,0.0,0,3.88,4.5,325.063
2025-11-18,493.31862192366924,500.89712400975867,484.76419755903834,491.74517822265625,33815100,0.0,0.0,-0.020578540730949557,-0.039977579137061015,23.519665078599147,-4.1248932811730015,0.09747623872753038,-0.012292362543166872,-0.02699557164947486,0.0,0,3.88,4.5,325.063
2025-11-19,488.070453670226,493.13937183157236,480.8305400064438,485.102783203125,23245300,0.0,0.0,-0.029952539961992545,-0.05245718477669067,26.16582034616978,-5.431353899982014,0.11424557494530646,-0.00737050291391823,-0.01350779898552179,0.0,0,3.88,4.5,325.063
2025-11-20,491.5879641710541,492.4460215630244,474.41716428973194,477.3404846191406,26802500,0.91,0.0,-0.04208395346199676,-0.06683191328968786,26.216098387070502,-7.012253087799934,0.13510741843092056,-0.0025739064445647734,-0.016001348276606597,0.0,0,3.88,4.5,325.063
2025-11-21,477.4103368698009,477.8293938228302,467.20362215472323,471.04486083984375,31769200,0.0,0.0,-0.05019716509366318,-0.07781459438031263,24.535457254410403,-8.67315260380866,0.15239126552919266,-0.002054885004627789,-0.01318895836861611,0.0,1,3.88,4.5,325.063
2025-11-24,473.9183160323131,475.8139832068258,466.9542001322548,472.92059326171875,34421000,0.0,0.0,-0.04041997492764628,-0.07267894094003731,26.969005519800277,-9.725956731086853,0.14451920511081887,-0.014637195681949506,0.003982067479795237,0.0,1,3.88,4.5,325.063
2025-11-25,472.9904142849383,478.0588322743821,463.8313270788984,475.90374755859375,28019800,0.0,0.0,-0.028320193905103614,-0.06569256444679075,32.02867030763923,-10.201993733265397,0.12612011315866117,-0.023020644336042978,0.006307939090366643,0.0,1,3.88,4.5,325.063
2025-11-26,485.2025316262965,487.1979770584782,480.10418316215106,484.3943786621094,25709100,0.0,0.0,-0.005985858723062939,-0.048144722499986824,43.311346035940666,-9.781379857959394,0.0915390440497964,-0.0366398354432858,0.01784106796189966,0.0,1,3.88,4.5,325.063
2025-11-28,486.48962635446395,491.5081706450152,485.54177754838196,490.88958740234375,14386700,0.0,0.0,0.009479840121892603,-0.03479510983849319,47.74317774998142,-8.822234046370909,0.06889879857885119,-0.047848987786875484,0.013408926747197292,0.0,0,3.88,4.5,325.063
2025-12-01,487.32770213243884,488.7444513856018,483.5463243869077,485.6315612792969,23964000,0.0,0.0,0.0032960368086119786,-0.04400002159852526,38.847413379803456,-8.389671929769747,0.07489973777697731,-0.03815217482992241,-0.01071121950431042,0.0,1,3.72,4.4,326.031
2025-12-02,485.6116258193264,492.3761849539621,485.2125428025972,488.8841552734375,19562700,0.0,0.0,0.013471422963449923,-0.036708243052318956,39.280049830298836,-7.6956950020765476,0.06173211638349318,-0.04385444084336623,0.006697657758429676,0.0,0,3.72,4.4,326.031
2025-12-03,475.23529714339696,483.13724409881166,474.1178525596479,476.64208984375,34615100,0.0,0.0,-0.008803390935767874,-0.05970046050042522,32.45848498635122,-8.040855677026116,0.08400576483442793,-0.021761075679030826,-0.02504083083412756,0.0,1,3.72,4.4,326.031
2025-12-04,478.6674679630734,480.2239129901724,475.40489514051177,479.7449951171875,22318200,0.0,0.0,-0.0012379787391422726,-0.052521527003071784,37.748470361956265,-7.972121817330333,0.07366464432609593,-0.030034904558035733,0.006509927133071081,0.0,1,3.72,4.4,326.031
2025-12-05,481.4211657314621,482.299166614698,477.78947078944657,482.0597229003906,22608700,0.0,0.0,0.0025959310599871464,-0.0470891931555925,34.33986090264803,-7.642769462300862,0.06746617660639062,-0.03634239460227616,0.004824912832363637,0.0,1,3.72,4.4,326.031
2025-12-08,483.7858099301447,491.17890888246444,483.2769615726175,489.9018249511719,21965900,0.0,0.0,0.014925626970029254,-0.03084246985091199,41.22081780219165,-6.672051989639385,0.0496405898517221,-0.052022210401967146,0.01626790556904023,0.0,1,3.72,4.4,326.031
2025-12-09,487.9862027558801,490.99931449735556,487.3875630167038,490.8995361328125,14696100,0.0,0.0,0.013218658823887754,-0.02803925628473281,49.44038109825058,-5.755894080732219,0.04426306177552081,-0.053353901917966885,0.0020365533068591457,0.0,0,3.72,4.4,326.031
2025-12-10,482.92772884397027,483.14722906115725,473.99809828560024,477.4701843261719,35756200,0.0,0.0,-0.01481810076742754,-0.053191531426346195,45.36531381998356,-6.043799634332061,0.0683508329837242,-0.027540569131122346,-0.027356619467261645,0.0,1,3.72,4.4,326.031
2025-12-11,475.5445986070271,484.92318635563356,474.7763326037194,482.3690185546875,24669200,0.0,0.0,-0.004294049269260204,-0.04214054085335436,53.163448789854854,-5.80970125913035,0.04983543080620855,-0.035276896179312345,0.010259979343901993,0.0,0,3.72,4.4,326.031
2025-12-12,478.72734800157895,481.3513637649093,475.2552617920193,477.4402770996094,21248100,0.0,0.0,-0.011724298499815211,-0.05056411983360778,54.093758827176636,-5.953259385982733,0.056071592037728914,-0.025693937866809277,-0.010217781958397731,0.0,0,3.72,4.4,326.031
2025-12-15,479.0066832317436,479.6252664455081,471.44392797474177,473.73870849609375,23727700,0.0,0.0,-0.016966356937593442,-0.05636871905623804,50.51172102270906,-6.293172116008066,0.05474466555849078,-0.015748919117778704,-0.007752945826024926,0.0,1,3.72,4.4,326.031
2025-12-16,470.8353364785088,476.80172935648005,469.8076832860371,475.3051452636719,20705600,0.0,0.0,-0.010928991488208547,-0.05131823520635587,49.61882615946611,-6.362810528545822,0.04087862113732167,-0.014931936367906767,0.003306541643073313,0.0,0,3.72,4.4,326.031
2025-12-17,475.8239455574328,478.9069051052783,473.9182915104317,475.0357360839844,24527200,0.0,0.0,-0.0111590709807553,-0.05008229344164531,43.343751899217736,-6.366351207648279,0.03837353364681401,-0.014795377166887478,-0.0005668130933824678,0.0,1,3.72,4.4,326.031
2025-12-18,477.10104539067044,488.4850656489584,476.8017407441929,482.87786865234375,28573500,0.0,0.0,0.004510135628855059,-0.0328611833521435,44.40886376376018,-5.670991008242311,0.02101629350866059,-0.030762628924665986,0.01650851077648796,0.0,1,3.72,4.4,326.031
2025-12-19,486.2501387748106,486.73904362092316,481.39123391446003,484.8134460449219,70836100,0.0,0.0,0.00795922969532841,-0.02760469539172087,49.40129870477916,-4.9071614188924855,0.0178053553597474,-0.033956203442257436,0.004008420178750471,0.0,0,3.72,4.4,326.031
2025-12-22,485.01298390813173,487.6170561484318,481.5908021440126,483.81573486328125,16963000,0.0,0.0,0.007159319496722751,-0.02863056860848074,46.16431358021727,-4.332386861454211,0.019488612885224552,-0.028908807850757414,-0.0020579280335145667,0.0,1,3.72,4.4,326.031
2025-12-23,483.8755963136496,486.71908182827985,483.63612214595605,485.7413330078125,14683600,0.0,0.0,0.012254779802049915,-0.023738207167309722,58.16034523905965,-3.6790840159036975,0.015536304130044264,-0.03020823007080658,0.003980023810253641,0.0,1,3.72,4.4,326.031
2025-12-24,484.5739628623746,488.04604888584674,483.7258924615979,486.90863037109375,5855900,0.0,0.0,0.012695470584686794,-0.020426061115697752,56.65552582901328,-3.032192435385582,0.013778913991200445,-0.030950240987803676,0.0024031254578502637,0.0,0,3.72,4.4,326.031
2025-12-26,485.601642461088,487.00843522519267,484.85335038112265,486.599365234375,8842200,0.0,0.0,0.011162577643182276,-0.02007418166142748,54.38090150179618,-2.5154843711238186,0.014886279880318825,-0.03034424985790672,-0.000635160515604416,0.0,0,3.72,4.4,326.031
2025-12-29,483.7558335295542,487.23790659993216,483.0773893732932,485.9907531738281,10893400,0.0,0.0,0.008106661534853232,-0.02037258177398454,45.61325081807851,-2.130539876932403,0.01452107001703726,-0.02850178392217172,-0.001250745693541444,0.0,1,3.72,4.4,326.031
2025-12-30,484.82341501264875,488.56487537463653,484.39440153201394,486.3699035644531,13944500,0.0,0.0,0.006256622051685669,-0.01861591579258658,44.847969865412075,-1.774419915827366,0.013909449331946704,-0.029286560823812095,0.0007801596803003186,0.0,0,3.72,4.4,326.031
2025-12-31,486.7290680267604,487.0284031238816,482.1993981667827,482.5186767578125,15601600,0.0,0.0,-0.003198870310226484,-0.02512272533057784,57.341860351584174,-1.7824076127468516,0.02047091417931658,-0.02132696077725388,-0.007918308222643278,0.0,0,3.72,4.4,326.031
2026-01-02,483.2869444224563,483.5563186075122,469.0893385249197,471.8630065917969,25571600,0.0,0.0,-0.024572337744507736,-0.044966747513841145,36.91276596553521,-2.618378412890138,0.044626583299484386,-0.0013505195905492656,-0.022083435687120456,0.0,0,3.64,4.3,326.588
2026-01-05,472.98042932285466,474.9858617296903,468.4308161640092,471.773193359375,25250300,0.0,0.0,-0.022514139626312223,-0.04334352142996071,41.97284845676425,-3.2506668086043646,0.04590533868214081,-0.003930041859512949,-0.0001903375156925291,0.0,1,3.64,4.3,326.588
2026-01-06,472.72102257015473,477.64977534720424,468.68025764779384,477.4203186035156,23037700,0.0,0.0,-0.00929606162718171,-0.030280536361313767,54.94241854405565,-3.2585218933651277,0.033362538686324196,-0.01651233647921873,0.011970000253572977,0.0,1,3.64,4.3,326.588
2026-01-07,478.6674756822987,488.5848422406915,476.86159994291296,482.3690185546875,25564200,0.0,0.0,0.0012736725056710667,-0.018671286887054255,58.693508103134214,-2.8327739221484194,0.02059345811980598,-0.02599606802114395,0.010365499243197629,0.0,0,3.64,4.3,326.588
2026-01-08,480.14408679814625,481.5608665012806,474.7763335277468,477.0212097167969,18162600,0.0,0.0,-0.008031464207322345,-0.027481430121066363,52.1720202659573,-2.8935342061590745,0.02874191018513479,-0.014692779324860855,-0.011086551233978836,0.0,1,3.64,4.3,326.588
2026-01-09,472.9804540365218,478.72734693664125,471.1247042989064,478.1885681152344,18491000,0.0,0.0,-0.0037974790739579265,-0.02264519926397512,43.992837958818264,-2.815041061207694,0.026227333787982785,-0.01694468824510769,0.0024471834263524173,0.0,0,3.64,4.3,326.588
2026-01-12,475.5845048686955,479.89464390147504,474.59673866594744,476.09332275390625,23519900,0.0,0.0,-0.00598686652954001,-0.024406651394082154,38.87472093456066,-2.8886054230615628,0.03035708167001709,-0.013549922777803456,-0.00438162996992264,0.0,0,3.64,4.3,326.588
2026-01-13,473.5990225282599,474.6965236309785,464.888922501957,469.5981750488281,28545800,0.0,0.0,-0.016180632177277127,-0.03558253444903789,34.09242544578194,-3.43145417964206,0.04582443043191194,-0.002792190525903376,-0.013642593572847694,0.0,0,3.64,4.3,326.588
2026-01-14,465.39775666549855,467.13381499707015,456.1289340170423,458.3338928222656,28184300,0.0,0.0,-0.03410628788964607,-0.05649426157876043,24.63528336535154,-4.716233363929348,0.07704015066762589,0.01284179971617931,-0.023987065591537404,0.0,0,3.64,4.3,326.588
2026-01-15,463.0630900555096,463.1927988881192,454.8618076165624,455.6200866699219,23225800,0.0,0.0,-0.03435147942102195,-0.059786507458877536,21.849257258145556,-5.8855664536413315,0.08851173956142548,0.009497658982784063,-0.005921024377300688,0.0,1,3.64,4.3,326.588
2026-01-16,456.78739866953146,462.13520850615447,455.4404972994736,458.8127746582031,34246700,0.0,0.0,-0.02488779502298581,-0.051107321467387716,26.233159158384694,-6.479951268981381,0.08333869840450828,-0.0034643344717692776,0.007007346870100184,0.0,0,3.64,4.3,326.588
2026-01-20,450.1924514863621,455.7597309230742,448.2568669541529,453.48492431640625,26130000,0.0,0.0,-0.03245037780373934,-0.060121070835429294,24.273541927215803,-7.296805481838646,0.09813734716095333,-0.0003087702641268994,-0.011612253703628728,0.0,0,3.64,4.3,326.588
2026-01-21,451.56931960591265,451.65911099901973,437.68100562513575,443.0986328125,37980500,0.0,0.0,-0.047636438931478314,-0.07966580678117242,20.4362607957012,-8.68217257220266,0.12788840986056163,0.009699210502074436,-0.022903278470751354,0.0,1,3.64,4.3,326.588
2026-01-22,446.600636936346,451.8087507279656,443.6873036586902,450.1126403808594,25349400,0.0,0.0,-0.025807018152795742,-0.06336014661004412,28.776803284487855,-9.109110029887063,0.10994705219807721,-0.013156698004102628,0.015829449808587803,0.0,1,3.64,4.3,326.588
2026-01-23,450.8409629929935,470.0271819611143,449.50401819491054,464.888916015625,38000200,0.0,0.0,0.008822738774520224,-0.031038823385072516,45.66645794799074,-8.161063428662601,0.07106660410028613,-0.045407207823138784,0.032827950848620446,0.0,1,3.64,4.3,326.588
2026-01-26,464.25036221183507,473.1700058760031,460.94790240319116,469.20904541015625,29291200,0.0,0.0,0.02018546383605681,-0.020508821412974623,48.48627664626558,-6.980662596473849,0.057030122036758786,-0.05379371461751411,0.009292820813103786,0.0,1,3.64,4.3,326.588
2026-01-27,472.62128861771004,481.7703893732875,472.0825097961169,479.485595703125,29213900,0.0,0.0,0.04176104965658248,0.0021797658542157855,51.15603174402528,-5.156513629405765,0.03201748501638922,-0.07319896383508988,0.02190185886971885,0.0,1,3.64,4.3,326.588
2026-01-28,482.10959164059926,482.63838346935967,476.9114647448887,480.533203125,36875400,0.0,0.0,0.041562589422863595,0.005238074101451078,48.92548177913181,-3.585003577343457,0.02787632282621336,-0.07446393759740264,0.0021848569201308177,0.0,0,3.64,4.3,326.588
2026-01-29,438.98802836564175,441.49232224197124,420.06122635013605,432.5128173828125,128855300,0.0,0.0,-0.057245919730489266,-0.09234767366387461,32.6271595279384,-6.143594808553587,0.14425618099745857,0.01358461439759306,-0.09993146244609463,0.0,0,3.64,4.3,326.588
2026-01-30,438.1699022937122,438.5989157576861,425.47886802078926,429.31011962890625,58566800,0.0,0.0,-0.058829440511462036,-0.0961827426032085,31.219805276350982,-8.333662462279904,0.15476953851039166,0.0067750040900200256,-0.007404862064634643,0.0,0,3.64,4.3,326.588
2026-02-02,429.2602343395754,429.7590957240154,421.28843915961005,422.4058837890625,42219900,0.0,0.0,-0.06651495287836073,-0.1081141568485277,30.107210267001193,-10.505322172938747,0.179061864147232,0.006104747659842855,-0.01608216420757036,0.0,0,3.64,4.4,327.46
2026-02-03,421.0489834358989,421.0888704228976,407.6296003977664,410.2735595703125,61424100,0.0,0.0,-0.08458481984200274,-0.13098481827986816,28.899921133130007,-13.054866930387277,0.2215272988722795,0.01326763031612809,-0.028721958392058156,0.0,1,3.64,4.4,327.46
2026-02-04,410.0640575889883,418.84400576689177,408.3080557741746,413.2467956542969,45012400,0.0,0.0,-0.07176822947716929,-0.12230399476823015,32.95874611517536,-14.666418868350888,0.21342927235791784,-0.010242392780660898,0.00724696002125591,0.0,0,3.64,4.4,327.46
2026-02-05,406.51216038211834,407.37018733348754,391.4265972483441,392.7735290527344,66289200,0.0,0.0,-0.10624402262983161,-0.1630043672375232,29.057785638422715,-17.395087165531322,0.28033184429650554,0.014884871139677878,-0.04954246909318927,0.0,1,3.64,4.4,327.46
2026-02-06,398.2609865133262,400.87501513504304,392.0252195920243,400.22650146484375,53515300,0.0,0.0,-0.07568447414142396,-0.14447157120709964,31.016429015423938,-18.740158976139355,0.2545781058971029,-0.02129046710736122,0.018975241101618856,0.0,1,3.64,4.4,327.46
2026-02-09,403.9280678877113,413.94521298339265,399.9571203178888,412.65814208984375,45480500,0.0,0.0,-0.0343622942097053,-0.11550598976451856,37.35320853916406,-18.588729273896206,0.20875137085544074,-0.05862329791465429,0.03106151286708836,0.0,0,3.64,4.4,327.46
2026-02-10,418.66440278178237,422.7151545880433,411.76017861216997,412.328857421875,44857900,0.0,0.0,-0.019727893505784837,-0.11347302064306904,39.83520405323991,-18.284518121447945,0.2006968745313617,-0.06431618361970864,-0.0007979599440377516,0.0,0,3.64,4.4,327.46
2026-02-11,415.2322299614449,415.51159110220135,400.096793508188,403.4491271972656,42491000,0.0,0.0,-0.02293286777823563,-0.12929098285658452,34.77241529309319,-18.546160021391017,0.22035128220639605,-0.05334571550671683,-0.02153555363583015,0.0,0,3.64,4.4,327.46
2026-02-12,404.07770370563327,405.2749831551046,397.1036315998776,400.9248962402344,40802400,0.0,0.0,-0.021561037071611854,-0.13156349352966992,27.31262159714707,-18.74116101625043,0.22415228981662308,-0.05782235370317329,-0.006256627631262779,0.0,0,3.64,4.4,327.46
2026-02-13,403.528974460687,404.61648859375555,397.1435245648219,400.4060974121094,34091600,0.0,0.0,-0.015885300163448985,-0.12935003957037425,24.91999999110061,-18.721750750463627,0.2213252363161817,-0.06597792389906244,-0.001294005019369382,0.0,0,3.64,4.4,327.46
2026-02-17,398.31087932693146,399.60790672873594,393.6315571718042,395.95623779296875,32078800,0.0,0.0,-0.02045432467837705,-0.13599418639228472,18.20116279772236,-18.8481645488759,0.22858832712971458,-0.06489327582445842,-0.011113366274641656,0.0,1,3.64,4.4,327.46
2026-02-18,397.2233488345012,401.6432531481791,395.41747315874426,398.69000244140625,23223400,0.0,0.0,-0.010856822536709472,-0.12694058429345184,19.23799211288801,-18.51433470902299,0.21374313039447027,-0.07862799119882882,0.006904209070364153,0.0,0,3.64,4.4,327.46
2026-02-19,400.69000244140625,404.42999267578125,396.6700134277344,398.4599914550781,28234000,0.91,0.0,-0.0077874636569286535,-0.12423777958333021,30.02440015538764,-18.06014599911282,0.2103437502491806,-0.08519890739908713,-0.0005769168650320289,0.0,0,3.64,4.4,327.46
2026-02-20,396.1099853515625,400.1199951171875,395.1600036621094,397.2300109863281,34015200,0.0,0.0,-0.011946719860665466,-0.1233700675795753,30.73575350584396,-17.59660461422186,0.20667108825765385,-0.08825880894887549,-0.0030868355547025716,0.0,0,3.64,4.4,327.46
2026-02-23,395.0,395.3599853515625,383.1000061035156,384.4700012207031,43238300,0.0,0.0,-0.03992269275866079,-0.14752509039690564,28.716190880590915,-18.050792574722095,0.23172642957242603,-0.06392389918601629,-0.032122471647954565,0.0,1,3.64,4.4,327.46
2026-02-24,384.1400146484375,389.3599853515625,381.7099914550781,389.0,33884700,0.0,0.0,-0.02283776897877699,-0.13408363985469035,36.95142377305287,-17.839563381042296,0.1956408837422096,-0.07370222831061408,0.01178245055508631,0.0,1,3.64,4.4,327.46
2026-02-25,390.5299987792969,401.4700012207031,390.1600036621094,400.6000061035156,43625500,0.0,0.0,0.009274870652563171,-0.10500384198571945,42.98519478479422,-16.545413943194546,0.12546062481196862,-0.08465791500952614,0.029820067104153303,0.0,1,3.64,4.4,327.46
2026-02-26,404.7099914550781,407.489990234375,398.739990234375,401.7200012207031,34405900,0.0,0.0,0.012537694614923559,-0.09945471875030208,56.318997299599594,-15.253583132761094,0.07034002238194484,-0.05484600826220942,0.002795794059219592,0.0,0,3.64,4.4,327.46
2026-02-27,390.8800048828125,396.82000732421875,389.8800048828125,392.739990234375,51367200,0.0,0.0,-0.008050074305461041,-0.11637651328362539,44.82384645443673,-14.78398912198304,0.08180520748034939,-0.03035387802228385,-0.022353905603506474,0.0,1,3.64,4.4,327.46
2026-03-02,392.8599853515625,401.19000244140625,390.6300048828125,398.54998779296875,35474900,0.0,0.0,0.007096460684141085,-0.1001968746297051,39.262494448872964,-13.78411948924088,0.05259983609023127,-0.03877224482961444,0.014793496213936663,0.0,1,3.64,4.4,327.46
2026-03-03,393.1400146484375,406.70001220703125,392.6700134277344,403.92999267578125,38199200,0.0,0.0,0.018638757580650093,-0.08511305544125666,44.0641044112331,-12.41448768388534,0.029220390043921515,-0.04678930712734374,0.013498946299321357,0.0,1,3.64,4.4,327.46
2026-03-04,401.2699890136719,411.0299987792969,400.30999755859375,405.20001220703125,35808000,0.0,0.0,0.02016670316395574,-0.07899572187576046,51.38658287184798,-11.09862658963084,0.024061144660486675,-0.04909571041087796,0.0031441575378865494,0.0,1,3.64,4.4,327.46
2026-03-05,404.4200134277344,411.6099853515625,404.3999938964844,410.67999267578125,39001300,0.0,0.0,0.03079222809327469,-0.06338348880240177,57.3798885080553,-9.50405177366639,0.00901155994731653,-0.061024436064881234,0.013524136978431578,0.0,0,3.64,4.4,327.46
2026-03-06,409.20001220703125,413.04998779296875,408.510009765625,408.9599914550781,31123900,0.0,0.0,0.02346182652943491,-0.0641107132304674,56.355648190222745,-8.283640812682961,0.015501154163098123,-0.05536324151145876,-0.004188178755669236,0.0,1,3.64,4.4,327.46
2026-03-09,404.9200134277344,410.2099914550781,403.5,409.4100036621094,30131900,0.0,0.0,0.01823275003031048,-0.05979615644725774,60.62802945596721,-7.197179504084488,0.016717552601891453,-0.05649106314156595,0.0011003819846291396,0.0,0,3.64,4.4,327.46
2026-03-10,410.0299987792969,410.20001220703125,402.92999267578125,405.760009765625,31706400,0.0,0.0,0.004965910000842105,-0.0646922971367188,55.505376814253005,-6.555111843744442,0.023022008733963175,-0.04686245210526492,-0.008915253325116002,0.0,0,3.64,4.4,327.46
2026-03-11,405.57000732421875,409.010009765625,401.5899963378906,404.8800048828125,25512100,0.0,0.0,0.001724481801316547,-0.06319145512721125,54.94913032451856,-6.047565070953169,0.022106099878520122,-0.04349113722049408,-0.002168781697636457,0.0,0,3.64,4.4,327.46
2026-03-12,404.6300048828125,406.1199951171875,401.7099914550781,401.8599853515625,27263900,0.0,0.0,-0.005781863140223776,-0.06654500622091708,53.473346248538796,-5.82190958398337,0.029454957401073734,-0.036365944428254665,-0.007459048347235875,0.0,0,3.64,4.4,327.46
2026-03-13,401.0,404.79998779296875,394.25,395.54998779296875,26848000,0.0,0.0,-0.022072916458395184,-0.07730908420730004,59.202640123489644,-6.082129055174221,0.04564898024264662,-0.022124127723061788,-0.015701980263283843,0.0,1,3.64,4.4,327.46
2026-03-16,398.07000732421875,400.6300048828125,394.7900085449219,399.95001220703125,27733700,0.0,0.0,-0.01153677559821029,-0.06343748843952314,59.11436636089853,-5.865693598658595,0.03408855793706176,-0.03293941988407315,0.011123813803188609,0.0,0,3.64,4.4,327.46
2026-03-17,400.2699890136719,404.3999938964844,397.75,399.4100036621094,26228300,0.0,0.0,-0.011767433925150061,-0.06151750853897599,48.78596131166242,-5.672353753420396,0.03556635170910624,-0.03084691194096079,-0.001350190094862036,0.0,0,3.64,4.4,327.46
2026-03-18,397.1300048828125,398.0,391.0,391.7900085449219,25908500,0.0,0.0,-0.027394008452996,-0.07594878008561942,41.05568365115335,-6.064097317030246,0.056180593620119804,-0.014232146897746883,-0.019078127856892224,0.0,0,3.64,4.4,327.46
2026-03-19,390.1000061035156,392.489990234375,387.05999755859375,389.0199890136719,25138800,0.0,0.0,-0.029049667250094176,-0.07863998622781694,46.22718536149034,-6.522882609336762,0.06465544283711115,-0.010593899183566548,-0.007070163788856276,0.0,0,3.64,4.4,327.46
2026-03-20,386.7900085449219,387.0,380.1199951171875,381.8699951171875,50853200,0.0,0.0,-0.040407098587291086,-0.09124804406626295,33.53083753270812,-7.378364814603174,0.08778041687455712,0.0007183071842625013,-0.018379502592174246,0.0,1,3.64,4.4,327.46
2026-03-23,383.8999938964844,387.2099914550781,381.67999267578125,383.0,29680100,0.0,0.0,-0.031137666092074905,-0.08446196126881998,27.441303589871794,-7.874387636458209,0.08510201650914381,-0.003149020591328169,0.002959135038786531,0.0,0,3.64,4.4,327.46
2026-03-24,382.3599853515625,382.4700012207031,371.8500061035156,372.739990234375,42733600,0.0,0.0,-0.049149651818165586,-0.10447320660999694,20.693406161038723,-8.991735211677053,0.12143075548837531,0.013467611492839062,-0.02678853724706265,0.0,0,3.64,4.4,327.46
2026-03-25,376.9200134277344,377.05999755859375,369.6300048828125,371.0400085449219,31181200,0.0,0.0,-0.045244336002555126,-0.10403473936416446,11.589212641594571,-9.900291136586304,0.13131959906455246,0.005393365699505759,-0.004560770869753483,0.0,0,3.64,4.4,327.46
2026-03-26,370.82000732421875,374.7200012207031,365.19000244140625,365.9700012207031,36836600,0.0,0.0,-0.04951250650908218,-0.11183247609056106,10.882681589066792,-10.903743899782398,0.1516613707993308,0.004884231494845305,-0.013664314379738696,0.0,0,3.64,4.4,327.46
2026-03-27,361.8999938964844,362.45001220703125,356.510009765625,356.7699890136719,37883400,0.0,0.0,-0.06397908142022535,-0.12987039717872745,8.681354691461422,-12.299569757550728,0.19005049004312158,0.012023733615653676,-0.02513870584021738,0.0,1,3.64,4.4,327.46
2026-03-30,361.8999938964844,365.3599853515625,356.2799987792969,358.9599914550781,44797000,0.0,0.0,-0.04799541272779288,-0.1203818651550151,12.403633665982994,-13.078298428481503,0.18636613171849095,-0.00875576968441299,0.0061384155305796995,0.0,1,3.64,4.4,327.46
2026-03-31,364.54998779296875,372.8999938964844,363.07000732421875,370.1700134277344,45244400,0.0,0.0,-0.010592450395221584,-0.08895425186646125,26.08519762806789,-12.64512627907311,0.14747908033275417,-0.04493438251546527,0.031229168262500107,0.0,0,3.64,4.4,327.46
2026-04-01,373.489990234375,373.989990234375,368.20001220703125,369.3699951171875,29417200,0.0,0.0,-0.0067788739589572915,-0.08714363270745465,26.908354560408668,-12.225461511243225,0.14566817462648782,-0.048269881436310606,-0.0021612185793732364,0.0,1,3.64,4.4,327.46
2026-04-02,367.2099914550781,373.6400146484375,364.1499938964844,373.4599914550781,24099100,0.0,0.0,0.008438289432772195,-0.07384777589349936,33.788371444044245,-11.431075315633166,0.1247737663144559,-0.06031166908034737,0.011072898156205158,0.0,0,3.64,4.4,327.46
2026-04-06,373.489990234375,373.7300109863281,369.5,372.8800048828125,16146600,0.0,0.0,0.009322335563702487,-0.07173024900092993,28.953519934399836,-10.72469103918911,0.11787908467614112,-0.05988190465484245,-0.0015530085833448393,0.0,0,3.64,4.4,327.46
2026-04-07,370.3399963378906,372.45001220703125,366.55999755859375,372.2900085449219,21443300,0.0,0.0,0.010655217411471891,-0.06890628337035748,28.931032030157198,-10.096102598397351,0.10938809588877427,-0.05810017116519188,-0.0015822686391459007,0.0,1,3.64,4.4,327.46
2026-04-08,384.9800109863281,385.0,371.4100036621094,374.3299865722656,33064800,0.0,0.0,0.015754706787654452,-0.05934010399733846,35.14799823893206,-9.325830187066913,0.09387847043448762,-0.06216574640649007,0.005479540091115842,0.0,0,3.64,4.4,327.46
2026-04-09,372.5,373.5,367.04998779296875,373.07000732421875,30435300,0.0,0.0,0.011778384647155374,-0.057465397535958675,36.07474703230217,-8.716574304107326,0.08723183234491133,-0.05718390010772518,-0.0033659586280663234,0.0,0,3.64,4.4,327.46
2026-04-10,372.9800109863281,375.6400146484375,370.0299987792969,370.8699951171875,28111100,0.0,0.0,0.00447703338097397,-0.057802738161602245,39.487769055693406,-8.31540244304341,0.08374756054686751,-0.05001334679232412,-0.005897049250381925,0.0,1,3.64,4.4,327.46
2026-04-13,373.6099853515625,384.5400085449219,371.0199890136719,384.3699951171875,35745800,0.0,0.0,0.03331656595010703,-0.021111413354565997,51.058892460568686,-6.8294085069614425,0.04090632719373946,-0.08151041121541264,0.036400895671633515,0.0,1,3.64,4.4,327.46
2026-04-14,387.9200134277344,394.69000244140625,386.5199890136719,393.1099853515625,37504500,0.0,0.0,0.0471986274113689,0.002996395189861618,66.12316022481659,-4.890133028292325,0.013672268128114914,-0.09957945947367076,0.022738482049594833,0.0,1,3.64,4.4,327.46
2026-04-15,398.0,414.3699951171875,396.7300109863281,411.2200012207031,45063400,0.0,0.0,0.08359224024245193,0.04980223666234271,75.24502641813905,-1.8703560109614727,-0.02220807088601521,-0.14512330042278612,0.04606857252161789,0.0,1,3.64,4.4,327.46
2026-04-16,419.8599853515625,420.82000732421875,412.1400146484375,420.260009765625,41642400,0.0,0.0,0.09275951637955346,0.07233367621959276,82.48952522256278,1.2380210348152332,-0.0254875395216872,-0.17449109686703473,0.0219833872819577,0.11764705882352941,1,3.64,4.4,327.46
2026-04-17,424.82000732421875,431.5799865722656,420.69000244140625,422.7900085449219,48568200,0.0,0.0,0.08541562357658507,0.07826408677172689,92.93705472045932,3.861073938717368,-0.014100813917970042,-0.18866182842105977,0.0060200797613549906,0.15555555555555556,0,3.64,4.4,327.46
2026-04-20,421.1499938964844,423.3299865722656,416.29998779296875,418.07000732421875,27501100,0.0,0.0,0.06098905893887826,0.06485243550024335,87.2182427548137,5.495647211191795,0.010355094254349596,-0.1841681264067531,-0.011163937475598185,-0.016666666666666666,0,3.64,4.4,327.46
